library,library_version,scenario,filter,precision,metric,value,unit,commit,cpu,os,toolchain,date
kalman-cpp,d9e2582,S1,KF,float64,time_per_step,35.50,ns,d9e2582,arm64,Darwin,Apple-clang-21.0.0,2026-10-05
kalman-cpp-sqrt,d9e2582,S1,KF,float64,time_per_step,131.84,ns,d9e2582,arm64,Darwin,Apple-clang-21.0.0,2026-10-05
opencv,5.0.0,S1,KF,float64,time_per_step,2840.04,ns,d9e2582,arm64,Darwin,Apple-clang-21.0.0,2026-10-05
mherb-kalman,9f40c2f,S1,KF,float64,time_per_step,23.00,ns,d9e2582,arm64,Darwin,Apple-clang-21.0.0,2026-10-05
kalman-cpp,d9e2582,S2,KF,float64,time_per_step,96.81,ns,d9e2582,arm64,Darwin,Apple-clang-21.0.0,2026-10-05
kalman-cpp-sqrt,d9e2582,S2,KF,float64,time_per_step,325.76,ns,d9e2582,arm64,Darwin,Apple-clang-21.0.0,2026-10-05
opencv,5.0.0,S2,KF,float64,time_per_step,2815.26,ns,d9e2582,arm64,Darwin,Apple-clang-21.0.0,2026-10-05
mherb-kalman,9f40c2f,S2,KF,float64,time_per_step,62.06,ns,d9e2582,arm64,Darwin,Apple-clang-21.0.0,2026-10-05
kalman-cpp,d9e2582,S5,KF,float64,time_per_step,2829.87,ns,d9e2582,arm64,Darwin,Apple-clang-21.0.0,2026-10-05
kalman-cpp-sqrt,d9e2582,S5,KF,float64,time_per_step,5572.61,ns,d9e2582,arm64,Darwin,Apple-clang-21.0.0,2026-10-05
opencv,5.0.0,S5,KF,float64,time_per_step,5392.16,ns,d9e2582,arm64,Darwin,Apple-clang-21.0.0,2026-10-05
mherb-kalman,9f40c2f,S5,KF,float64,time_per_step,2618.81,ns,d9e2582,arm64,Darwin,Apple-clang-21.0.0,2026-10-05
kalman-cpp,d9e2582,S1,KF,float64,rmse,0.387434815,state,d9e2582,arm64,Darwin,Apple-clang-21.0.0,2026-10-05
kalman-cpp,d9e2582,S1,KF,float64,nees,1.991434497,-,d9e2582,arm64,Darwin,Apple-clang-21.0.0,2026-10-05
opencv,5.0.0,S1,KF,float64,rmse,0.387434815,state,d9e2582,arm64,Darwin,Apple-clang-21.0.0,2026-10-05
opencv,5.0.0,S1,KF,float64,nees,1.991434497,-,d9e2582,arm64,Darwin,Apple-clang-21.0.0,2026-10-05
mherb-kalman,9f40c2f,S1,KF,float64,rmse,0.387434815,state,d9e2582,arm64,Darwin,Apple-clang-21.0.0,2026-10-05
mherb-kalman,9f40c2f,S1,KF,float64,nees,1.991434497,-,d9e2582,arm64,Darwin,Apple-clang-21.0.0,2026-10-05
naive,-,S1,KF,float64,rmse,0.387434815,state,d9e2582,arm64,Darwin,Apple-clang-21.0.0,2026-10-05
naive,-,S1,KF,float64,nees,1.991434497,-,d9e2582,arm64,Darwin,Apple-clang-21.0.0,2026-10-05
opencv,5.0.0,S1,KF,float64,max_abs_diff,2.728484105e-12,state,d9e2582,arm64,Darwin,Apple-clang-21.0.0,2026-10-05
mherb-kalman,9f40c2f,S1,KF,float64,max_abs_diff,2.728484105e-12,state,d9e2582,arm64,Darwin,Apple-clang-21.0.0,2026-10-05
naive,-,S1,KF,float64,max_abs_diff,2.728484105e-12,state,d9e2582,arm64,Darwin,Apple-clang-21.0.0,2026-10-05
kalman-cpp,d9e2582,S2,KF,float64,rmse,0.5689654393,state,d9e2582,arm64,Darwin,Apple-clang-21.0.0,2026-10-05
kalman-cpp,d9e2582,S2,KF,float64,nees,4.034581258,-,d9e2582,arm64,Darwin,Apple-clang-21.0.0,2026-10-05
opencv,5.0.0,S2,KF,float64,rmse,0.5689654393,state,d9e2582,arm64,Darwin,Apple-clang-21.0.0,2026-10-05
opencv,5.0.0,S2,KF,float64,nees,4.034581258,-,d9e2582,arm64,Darwin,Apple-clang-21.0.0,2026-10-05
mherb-kalman,9f40c2f,S2,KF,float64,rmse,0.5689654393,state,d9e2582,arm64,Darwin,Apple-clang-21.0.0,2026-10-05
mherb-kalman,9f40c2f,S2,KF,float64,nees,4.034581258,-,d9e2582,arm64,Darwin,Apple-clang-21.0.0,2026-10-05
naive,-,S2,KF,float64,rmse,0.5689654393,state,d9e2582,arm64,Darwin,Apple-clang-21.0.0,2026-10-05
naive,-,S2,KF,float64,nees,4.034581258,-,d9e2582,arm64,Darwin,Apple-clang-21.0.0,2026-10-05
opencv,5.0.0,S2,KF,float64,max_abs_diff,1.364242053e-12,state,d9e2582,arm64,Darwin,Apple-clang-21.0.0,2026-10-05
mherb-kalman,9f40c2f,S2,KF,float64,max_abs_diff,9.094947018e-13,state,d9e2582,arm64,Darwin,Apple-clang-21.0.0,2026-10-05
naive,-,S2,KF,float64,max_abs_diff,1.364242053e-12,state,d9e2582,arm64,Darwin,Apple-clang-21.0.0,2026-10-05
kalman-cpp,d9e2582,S5,KF,float64,rmse,1.050185028,state,d9e2582,arm64,Darwin,Apple-clang-21.0.0,2026-10-05
kalman-cpp,d9e2582,S5,KF,float64,nees,18.00345702,-,d9e2582,arm64,Darwin,Apple-clang-21.0.0,2026-10-05
opencv,5.0.0,S5,KF,float64,rmse,1.050185028,state,d9e2582,arm64,Darwin,Apple-clang-21.0.0,2026-10-05
opencv,5.0.0,S5,KF,float64,nees,18.00345702,-,d9e2582,arm64,Darwin,Apple-clang-21.0.0,2026-10-05
mherb-kalman,9f40c2f,S5,KF,float64,rmse,1.050185028,state,d9e2582,arm64,Darwin,Apple-clang-21.0.0,2026-10-05
mherb-kalman,9f40c2f,S5,KF,float64,nees,18.00345702,-,d9e2582,arm64,Darwin,Apple-clang-21.0.0,2026-10-05
naive,-,S5,KF,float64,rmse,1.050185028,state,d9e2582,arm64,Darwin,Apple-clang-21.0.0,2026-10-05
naive,-,S5,KF,float64,nees,18.00345702,-,d9e2582,arm64,Darwin,Apple-clang-21.0.0,2026-10-05
kalman-cpp,d9e2582,S3,EKF,float64,rmse,5.720143404,state,d9e2582,arm64,Darwin,Apple-clang-21.0.0,2026-10-05
kalman-cpp,d9e2582,S3,EKF,float64,nees,17.89907074,-,d9e2582,arm64,Darwin,Apple-clang-21.0.0,2026-10-05
kalman-cpp,d9e2582,S3,UKF,float64,rmse,5.354561859,state,d9e2582,arm64,Darwin,Apple-clang-21.0.0,2026-10-05
kalman-cpp,d9e2582,S3,UKF,float64,nees,8.777593755,-,d9e2582,arm64,Darwin,Apple-clang-21.0.0,2026-10-05
mherb-kalman,9f40c2f,S3,EKF,float64,rmse,5.720143404,state,d9e2582,arm64,Darwin,Apple-clang-21.0.0,2026-10-05
mherb-kalman,9f40c2f,S3,EKF,float64,nees,17.89907074,-,d9e2582,arm64,Darwin,Apple-clang-21.0.0,2026-10-05
mherb-kalman,9f40c2f,S3,UKF,float64,rmse,5.34584683,state,d9e2582,arm64,Darwin,Apple-clang-21.0.0,2026-10-05
mherb-kalman,9f40c2f,S3,UKF,float64,nees,8.747882959,-,d9e2582,arm64,Darwin,Apple-clang-21.0.0,2026-10-05
opencv,5.0.0,S3,EKF,float64,rmse,5.720143404,state,d9e2582,arm64,Darwin,Apple-clang-21.0.0,2026-10-05
opencv,5.0.0,S3,EKF,float64,nees,17.89907074,-,d9e2582,arm64,Darwin,Apple-clang-21.0.0,2026-10-05
opencv,5.0.0,S3,UKF,float64,rmse,5.290466823,state,d9e2582,arm64,Darwin,Apple-clang-21.0.0,2026-10-05
opencv,5.0.0,S3,UKF,float64,nees,8.734767369,-,d9e2582,arm64,Darwin,Apple-clang-21.0.0,2026-10-05
kalman-cpp,d9e2582,S4,KF,float32,steps_to_failure,1,steps,d9e2582,arm64,Darwin,Apple-clang-21.0.0,2026-10-05
kalman-cpp-sqrt,d9e2582,S4,KF,float32,steps_to_failure,1000000,steps,d9e2582,arm64,Darwin,Apple-clang-21.0.0,2026-10-05
opencv,5.0.0,S4,KF,float32,steps_to_failure,0,steps,d9e2582,arm64,Darwin,Apple-clang-21.0.0,2026-10-05
mherb-kalman,9f40c2f,S4,KF,float32,steps_to_failure,0,steps,d9e2582,arm64,Darwin,Apple-clang-21.0.0,2026-10-05
naive,-,S4,KF,float32,steps_to_failure,0,steps,d9e2582,arm64,Darwin,Apple-clang-21.0.0,2026-10-05
kalman-cpp,d9e2582,S2,KF,float64,heap_allocations,0,count,d9e2582,arm64,Darwin,Apple-clang-21.0.0,2026-10-05
kalman-cpp-sqrt,d9e2582,S2,KF,float64,heap_allocations,0,count,d9e2582,arm64,Darwin,Apple-clang-21.0.0,2026-10-05
opencv,5.0.0,S2,KF,float64,heap_allocations,0,count,d9e2582,arm64,Darwin,Apple-clang-21.0.0,2026-10-05
mherb-kalman,9f40c2f,S2,KF,float64,heap_allocations,0,count,d9e2582,arm64,Darwin,Apple-clang-21.0.0,2026-10-05
